{"cameraMode":{"drawMode":0,"name":"Shaded","section":"Shading Mode"},"sceneLighting":true,"audioPlay":false,"sceneViewState":{"m_AlwaysRefresh":false,"showFog":true,"showSkybox":true,"showFlares":true,"showImageEffects":true,"showParticleSystems":true,"showVisualEffectGraphs":true,"m_FxEnabled":true},"in2DMode":false,"pivot":{"x":451.6554260253906,"y":471.2603759765625,"z":60.063201904296878},"rotation":{"x":-0.04229716584086418,"y":-0.0009018693235702813,"z":0.0000381925274268724,"w":-0.9991055727005005},"size":553.5404663085938,"orthographic":false}